{
  "runs": [
    {
      "timestamp": "2026-04-26T12:12:10.681382",
      "function": "lrux",
      "sizes": [
        2,
        4,
        6,
        8,
        10,
        12,
        14,
        16,
        18,
        20,
        22,
        24,
        26,
        28,
        30
      ],
      "avg_times": [
        0.7296848925761878,
        0.9816206933464856,
        0.8641541004180908,
        1.3048486958723515,
        1.054393406957388,
        1.4073917001951486,
        1.3182483962737024,
        1.840512704802677,
        2.9655291058588773,
        4.254382604267448,
        5.256323498906568,
        5.558303184807301,
        5.4525551095139235,
        5.3441537951584905,
        6.398205511504784
      ],
      "std_times": [
        0.47974362751012956,
        0.5980757968403617,
        0.4882331233256755,
        0.5701715172998951,
        0.46096569309380653,
        0.5427657763619161,
        0.5174177338183266,
        0.11822057234149994,
        0.10513184527849562,
        0.3281019087213622,
        0.15523759213068283,
        0.13068719751636323,
        0.10870241613194015,
        0.13235903724966738,
        0.3840944162139098
      ],
      "log_abs_values": [
        -0.5819464535902494,
        -0.02863555496910916,
        2.4051477890786606,
        3.603997571800379,
        5.050413458962315,
        5.530560960039936,
        5.243364834059789,
        10.17762540945837,
        9.958194219075024,
        11.732973749185115,
        15.565412494137119,
        14.82049228191069,
        19.765624863879616,
        19.310036696343033,
        22.066110550075702
      ],
      "phases": [
        -1.0,
        -1.0,
        -1.0,
        -1.0,
        -1.0,
        -1.0,
        -1.0,
        -1.0,
        1.0,
        -1.0,
        -1.0,
        1.0,
        -1.0,
        1.0,
        -1.0
      ],
      "consistency_std": [
        0.0,
        6.938893903907228e-18,
        0.0,
        4.440892098500626e-16,
        8.881784197001252e-16,
        0.0,
        0.0,
        0.0,
        0.0,
        1.7763568394002505e-15,
        1.7763568394002505e-15,
        1.7763568394002505e-15,
        0.0,
        3.552713678800501e-15,
        0.0
      ],
      "expected_log_abs": [
        -0.5819464535902494,
        -0.028635554969109245,
        2.405147789078661,
        3.6039975718003787,
        5.050413458962315,
        5.530560960039935,
        5.243364834059793,
        10.17762540945837,
        9.958194219075018,
        11.732973749185113,
        15.565412494137124,
        14.820492281910687,
        19.765624863879612,
        19.310036696343044,
        22.066110550075706
      ],
      "accuracy_errors": [
        0.0,
        8.326672684688674e-17,
        -4.440892098500626e-16,
        4.440892098500626e-16,
        0.0,
        8.881784197001252e-16,
        -4.440892098500626e-15,
        0.0,
        5.329070518200751e-15,
        1.7763568394002505e-15,
        -5.329070518200751e-15,
        3.552713678800501e-15,
        3.552713678800501e-15,
        -1.0658141036401503e-14,
        -3.552713678800501e-15
      ]
    },
    {
      "timestamp": "2026-04-26T12:12:30.946864",
      "function": "pfcuda",
      "sizes": [
        2,
        4,
        6,
        8,
        10,
        12,
        14,
        16,
        18,
        20,
        22,
        24,
        26,
        28,
        30
      ],
      "avg_times": [
        0.5298375908751041,
        0.3490674018394202,
        0.3791783004999161,
        0.38629250484518707,
        0.37512120325118303,
        0.38335559074766934,
        0.35413840669207275,
        0.41451919241808355,
        0.3863655962049961,
        0.35510080633684993,
        0.3894069988746196,
        0.41552860056981444,
        0.41122560505755246,
        0.38085890118964016,
        0.31787639018148184
      ],
      "std_times": [
        0.13481565471240964,
        0.04148516876354814,
        0.040231904965675365,
        0.04534763860028244,
        0.06796897979786384,
        0.038386342966044054,
        0.05879896768489979,
        0.09252022011803061,
        0.04824284497767238,
        0.06330485736664317,
        0.07875240166547673,
        0.04981527373043077,
        0.05793398535788506,
        0.06858287187444208,
        0.04444689057134255
      ],
      "log_abs_values": [
        -0.887558401339646,
        1.3868446441788687,
        0.6024864472349718,
        3.108092527748141,
        3.456314457426827,
        6.009671336673391,
        6.201707858819897,
        10.136758667824889,
        11.704887354445681,
        12.302333733586885,
        13.98863605852719,
        16.066646759646886,
        16.74104973599431,
        19.39506013162959,
        23.64604400972566
      ],
      "phases": [
        1.0,
        -1.0,
        -1.0,
        -1.0,
        -1.0,
        1.0,
        -1.0,
        -1.0,
        1.0,
        -1.0,
        -1.0,
        -1.0,
        1.0,
        1.0,
        1.0
      ],
      "consistency_std": [
        0.0,
        0.0,
        0.0,
        0.0,
        0.0,
        0.0,
        8.881784197001252e-16,
        0.0,
        1.7763568394002505e-15,
        1.7763568394002505e-15,
        1.7763568394002505e-15,
        0.0,
        3.552713678800501e-15,
        3.552713678800501e-15,
        3.552713678800501e-15
      ],
      "expected_log_abs": [
        -0.887558401339646,
        1.3868446441788684,
        0.6024864472349719,
        3.108092527748141,
        3.4563144574268274,
        6.009671336673391,
        6.201707858819895,
        10.13675866782489,
        11.704887354445681,
        12.302333733586885,
        13.98863605852719,
        16.066646759646886,
        16.741049735994306,
        19.39506013162959,
        23.646044009725657
      ],
      "accuracy_errors": [
        0.0,
        2.220446049250313e-16,
        -1.1102230246251565e-16,
        0.0,
        -4.440892098500626e-16,
        0.0,
        1.7763568394002505e-15,
        -1.7763568394002505e-15,
        0.0,
        0.0,
        0.0,
        0.0,
        3.552713678800501e-15,
        0.0,
        3.552713678800501e-15
      ]
    }
  ]
}