{
  "runs": [
    {
      "timestamp": "2026-04-21T00:37:57.324514",
      "function": "lrux",
      "sizes": [
        100,
        200,
        300,
        400,
        500,
        600,
        700,
        800,
        900,
        1000,
        1100,
        1200,
        1300,
        1400,
        1500,
        1600,
        1700,
        1800,
        1900,
        2000
      ],
      "avg_times": [
        3.0031393998797284,
        5.090546000064933,
        7.158544199410244,
        9.703572600119514,
        26.658057599706808,
        39.174683400051435,
        29.18627099970763,
        34.061269799713045,
        55.77383199997712,
        69.23981679974531,
        96.11109660072543,
        120.87925779960642,
        149.21461480007565,
        178.04020360017603,
        236.0190772000351,
        243.093420999503,
        335.5850176005333,
        398.16781180015823,
        485.55092440037697,
        489.61053320017527
      ],
      "std_times": [
        0.2875985468236875,
        0.4236795697304835,
        0.9367757307793779,
        0.4050764188061271,
        0.1006045607182071,
        30.822900511419817,
        0.3106049045187942,
        0.3316944919598314,
        0.33428801192203117,
        0.4194611997222915,
        0.3234857479239504,
        0.4041632112764083,
        0.42819648931994236,
        0.5991167377993915,
        0.99113031948873,
        0.5030376996850956,
        0.9328032372680511,
        6.584430084925766,
        9.532227472037494,
        0.6303539608705401
      ],
      "log_abs_values": [
        102.92463684082031,
        247.85592651367188,
        404.7491760253906,
        568.3157958984375,
        737.1902465820312,
        910.0931396484375,
        1093.0435791015625,
        1275.4967041015625,
        1459.1826171875,
        1646.508056640625,
        1839.0340576171875,
        2034.2998046875,
        2231.94287109375,
        2424.19140625,
        2626.253173828125,
        2826.436279296875,
        3027.0869140625,
        3232.318359375,
        3439.25390625,
        3646.73828125
      ],
      "phases": [
        -1.0,
        -1.0,
        -1.0,
        1.0,
        1.0,
        1.0,
        1.0,
        -1.0,
        -1.0,
        1.0,
        -1.0,
        1.0,
        -1.0,
        1.0,
        1.0,
        1.0,
        1.0,
        1.0,
        1.0,
        -1.0
      ],
      "consistency_std": [
        0.0,
        0.0,
        0.0,
        0.0,
        0.0,
        0.0,
        0.0,
        0.0,
        0.0,
        0.0,
        0.0,
        0.0,
        0.0,
        0.0,
        0.0,
        0.0,
        0.0,
        0.0,
        0.0,
        0.0
      ],
      "expected_log_abs": [
        102.9246686920724,
        247.855914541935,
        404.7491880400466,
        568.3160681957431,
        737.190055743834,
        910.0934317513127,
        1093.0439106402291,
        1275.496638354469,
        1459.181921328634,
        1646.507173453737,
        1839.034574132274,
        2034.299696257372,
        2231.9428287007527,
        2424.1905563583136,
        2626.25128287334,
        2826.4370075093607,
        3027.087341291196,
        3232.32140993336,
        3439.253693071092,
        3646.7361610635244
      ],
      "accuracy_errors": [
        -3.1851252089154514e-05,
        1.197173688183284e-05,
        -1.2014655965231213e-05,
        -0.0002722973056279443,
        0.0001908381972270945,
        -0.0002921028751643462,
        -0.00033153866661450593,
        6.574709345841256e-05,
        0.0006958588660381793,
        0.0008831868879042304,
        -0.0005165150864741008,
        0.00010843012796613039,
        4.239299732944346e-05,
        0.0008498916863572958,
        0.001890954784812493,
        -0.0007282124856828887,
        -0.0004272286960258498,
        -0.0030505583599733654,
        0.00021317890787031502,
        0.0021201864756221767
      ]
    },
    {
      "timestamp": "2026-04-21T00:38:25.933695",
      "function": "pfcuda",
      "sizes": [
        100,
        200,
        300,
        400,
        500,
        600,
        700,
        800,
        900,
        1000,
        1100,
        1200,
        1300,
        1400,
        1500,
        1600,
        1700,
        1800,
        1900,
        2000
      ],
      "avg_times": [
        7.086065599651192,
        15.333089199339156,
        27.353122599743074,
        30.76418620039476,
        42.02529699978186,
        49.91383660053543,
        64.05730619990209,
        73.62981319929531,
        71.90783459991508,
        81.30167680028535,
        104.20887140026025,
        114.53824459968018,
        113.65085900033591,
        129.3151576002856,
        153.7760134000564,
        155.03789100002905,
        173.61730659940804,
        164.4393904007302,
        182.21538059988234,
        199.10730780029553
      ],
      "std_times": [
        0.11105031900587259,
        3.8127180693004754,
        3.5108641163813483,
        2.531584246261898,
        8.788649352925136,
        10.972015758186478,
        14.784598026914185,
        13.793024856719045,
        1.1915265507726092,
        1.2783006420492864,
        20.838785453046622,
        11.546033659471888,
        0.915113784744518,
        2.379524927994707,
        22.736672421208333,
        10.331516277060969,
        23.28854294403224,
        1.6771804082180326,
        15.094281113397448,
        16.872060718793858
      ],
      "log_abs_values": [
        108.96696002660298,
        247.22945390403478,
        405.0501435325643,
        567.4444308137289,
        736.4425670701742,
        910.9583393109841,
        1087.2187513819854,
        1276.5235879732054,
        1458.3596869308158,
        1650.6481192048684,
        1841.358729701286,
        2033.2875744791368,
        2227.5238668822462,
        2423.8080985485753,
        2628.074865083977,
        2827.678805789411,
        3028.89155265398,
        3232.180224624526,
        3438.01447934515,
        3649.422340355787
      ],
      "phases": [
        -1.0,
        1.0,
        -1.0,
        -1.0,
        -1.0,
        -1.0,
        1.0,
        1.0,
        -1.0,
        1.0,
        -1.0,
        -1.0,
        1.0,
        -1.0,
        1.0,
        -1.0,
        1.0,
        1.0,
        1.0,
        -1.0
      ],
      "consistency_std": [
        0.0,
        0.0,
        0.0,
        0.0,
        0.0,
        0.0,
        0.0,
        0.0,
        0.0,
        0.0,
        0.0,
        0.0,
        0.0,
        0.0,
        0.0,
        0.0,
        0.0,
        0.0,
        0.0,
        0.0
      ],
      "expected_log_abs": [
        108.96696002660296,
        247.22945390403495,
        405.0501435325646,
        567.4444308137315,
        736.4425670701728,
        910.9583393109925,
        1087.2187513819808,
        1276.5235879732063,
        1458.3596869308176,
        1650.6481192048645,
        1841.3587297012866,
        2033.2875744791372,
        2227.5238668822485,
        2423.80809854858,
        2628.0748650839787,
        2827.6788057894323,
        3028.891552653972,
        3232.180224624526,
        3438.01447934513,
        3649.422340355774
      ],
      "accuracy_errors": [
        1.4210854715202004e-14,
        -1.7053025658242404e-13,
        -3.410605131648481e-13,
        -2.6147972675971687e-12,
        1.3642420526593924e-12,
        -8.412825991399586e-12,
        4.547473508864641e-12,
        -9.094947017729282e-13,
        -1.8189894035458565e-12,
        3.865352482534945e-12,
        -6.821210263296962e-13,
        -4.547473508864641e-13,
        -2.2737367544323206e-12,
        -4.547473508864641e-12,
        -1.8189894035458565e-12,
        -2.1373125491663814e-11,
        7.73070496506989e-12,
        0.0,
        2.000888343900442e-11,
        1.318767317570746e-11
      ]
    },
    {
      "timestamp": "2026-04-21T00:43:48.292246",
      "function": "pfcuda",