{
  "runs": [
    {
      "timestamp": "2026-04-25T13:00:16.333420",
      "function": "lrux",
      "sizes": [
        100,
        200,
        300,
        400,
        500,
        600,
        700,
        800,
        900,
        1000,
        1100,
        1200,
        1300,
        1400,
        1500,
        1600,
        1700,
        1800,
        1900,
        2000,
        2100,
        2200,
        2300,
        2400,
        2500
      ],
      "avg_times": [
        3.227067308034748,
        5.925004283199087,
        12.34195099095814,
        17.133511806605384,
        27.386995195411146,
        41.102310398127884,
        58.28361039748415,
        80.8336779999081,
        118.5634886031039,
        151.13062500022352,
        209.49540400179103,
        263.19162360741757,
        332.077954307897,
        413.69103100150824,
        495.3747001069132,
        516.0126675094943,
        764.8483736906201,
        862.8962796006817,
        1021.8433394038584,
        1071.3731049036141,
        1346.2217298976611,
        1672.3911636974663,
        1843.564016505843,
        1577.9549371975008,
        2452.577961498173
      ],
      "std_times": [
        0.4680492532526737,
        0.4575459333672494,
        0.7340115306480735,
        0.41005395107030623,
        0.8789150522988535,
        0.24436742794102262,
        0.3545225813579254,
        0.4639045606566315,
        0.3198750541242161,
        0.5657056549044662,
        7.1432021579686555,
        4.951018425001636,
        1.0071595009456513,
        0.7330384057825855,
        1.2149128353703749,
        1.3693100531687683,
        11.041518770330269,
        1.1868192815216847,
        9.302437553065415,
        14.976490264948035,
        27.280497014802023,
        38.628827136222355,
        19.739460712176918,
        1.5330799418458765,
        69.64823523984523
      ],
      "log_abs_values": [
        106.46254885637187,
        248.20938495521352,
        403.99838738616063,
        567.4285367442001,
        737.0101521377298,
        908.0356759160111,
        1091.1760550915465,
        1273.1713154379672,
        1459.9111550813516,
        1648.4379526114385,
        1838.8731057457362,
        2033.3599881559464,
        2230.6084903078786,
        2426.017958878002,
        2626.6644065097794,
        2828.6906510204294,
        3026.541460998484,
        3232.254358027521,
        3439.2074311808733,
        3642.916719843526,
        3854.208983124632,
        4062.563662816753,
        4270.369744967382,
        4481.020975682033,
        4696.664701613005
      ],
      "phases": [
        -1.0,
        1.0,
        1.0,
        -1.0,
        1.0,
        -1.0,
        1.0,
        -1.0,
        1.0,
        1.0,
        1.0,
        -1.0,
        1.0,
        1.0,
        1.0,
        1.0,
        -1.0,
        1.0,
        1.0,
        1.0,
        1.0,
        -1.0,
        -1.0,
        1.0,
        -1.0
      ],
      "consistency_std": [
        1.4210854715202004e-14,
        2.842170943040401e-14,
        0.0,
        0.0,
        0.0,
        0.0,
        0.0,
        0.0,
        2.2737367544323206e-13,
        0.0,
        2.2737367544323206e-13,
        0.0,
        4.547473508864641e-13,
        0.0,
        0.0,
        4.547473508864641e-13,
        0.0,
        4.547473508864641e-13,
        0.0,
        4.547473508864641e-13,
        4.547473508864641e-13,
        4.547473508864641e-13,
        9.094947017729282e-13,
        0.0,
        9.094947017729282e-13
      ],
      "expected_log_abs": [
        106.4625488563719,
        248.2093849552136,
        403.9983873861606,
        567.4285367442001,
        737.0101521377303,
        908.0356759160088,
        1091.1760550915453,
        1273.1713154379695,
        1459.9111550813523,
        1648.437952611437,
        1838.873105745738,
        2033.3599881559446,
        2230.6084903078818,
        2426.0179588780065,
        2626.66440650978,
        2828.6906510204303,
        3026.541460998486,
        3232.254358027525,
        3439.2074311808715,
        3642.9167198435257,
        3854.208983124632,
        4062.563662816752,
        4270.36974496739,
        4481.020975682038,
        4696.664701613003
      ],
      "accuracy_errors": [
        -2.842170943040401e-14,
        -8.526512829121202e-14,
        5.684341886080802e-14,
        0.0,
        -4.547473508864641e-13,
        2.2737367544323206e-12,
        1.1368683772161603e-12,
        -2.2737367544323206e-12,
        -6.821210263296962e-13,
        1.5916157281026244e-12,
        -1.8189894035458565e-12,
        1.8189894035458565e-12,
        -3.183231456205249e-12,
        -4.547473508864641e-12,
        -4.547473508864641e-13,
        -9.094947017729282e-13,
        -1.8189894035458565e-12,
        -4.092726157978177e-12,
        1.8189894035458565e-12,
        4.547473508864641e-13,
        0.0,
        9.094947017729282e-13,
        -8.185452315956354e-12,
        -4.547473508864641e-12,
        1.8189894035458565e-12
      ]
    },
    {
      "timestamp": "2026-04-25T13:01:51.819994",
      "function": "pfcuda",
      "sizes": [
        100,
        200,
        300,
        400,
        500,
        600,
        700,
        800,
        900,
        1000,
        1100,
        1200,
        1300,
        1400,
        1500,
        1600,
        1700,
        1800,
        1900,
        2000,
        2100,
        2200,
        2300,
        2400,
        2500
      ],
      "avg_times": [
        12.445013603428379,
        17.29269889765419,
        28.808360203402117,
        43.55798109900206,
        41.629746090620756,
        61.304127296898514,
        65.41525510256179,
        86.4930331998039,
        94.91216290043667,
        107.01833190396428,
        118.53855990921147,
        119.67302391421981,
        127.85939349560066,
        135.05418919958174,
        146.90419178805314,
        159.68464360339567,
        165.1172604993917,
        188.9080343884416,
        190.02789640217088,
        209.2102464986965,
        217.29633510112762,
        246.08282709959894,
        251.77695181337185,
        274.50492199277505,
        284.6966619894374
      ],
      "std_times": [
        1.8233879595599796,
        3.219472034112048,
        5.402908313998429,
        6.797628174638611,
        2.7442531957202214,
        10.008415701614886,
        7.678181403368665,
        8.586319248543285,
        7.088902949164698,
        17.297728841026135,
        16.517727290577223,
        12.826137721435721,
        6.37216895612134,
        14.74232795850272,
        16.667829299062085,
        14.483604883346402,
        9.021045084731593,
        16.9896403449672,
        18.461909570653063,
        17.218431171935006,
        10.493065549592718,
        13.881926777304745,
        11.028038986429674,
        13.406428441466877,
        7.26176974022741
      ],
      "log_abs_values": [
        106.4459016713176,
        248.4409933685525,
        405.7538105044572,
        566.6500000287714,
        737.3023097995929,
        914.1771090048264,
        1089.8796560536812,
        1272.0816918513265,
        1459.8676706263007,
        1649.2851163405155,
        1836.7850749238805,
        2034.5822248392062,
        2230.183214489807,
        2427.012798875278,
        2628.107077261629,
        2823.8888698286905,
        3028.7532380582415,
        3231.6416704414805,
        3437.7989952433086,
        3646.2166592048234,
        3855.2675601277947,
        4061.2450810310233,
        4269.663312398442,
        4483.7481935637825,
        4696.053261498831
      ],