{
  "runs": [
    {
      "timestamp": "2026-06-21T00:08:09.854447",
      "function": "PfCUDA",
      "sizes": [
        2,
        4,
        6,
        8,
        10,
        12,
        14,
        16,
        18,
        20,
        22,
        24,
        26,
        28,
        30,
        32
      ],
      "avg_times": [
        0.1677811660010775,
        0.1688836280200121,
        1.1351649319922217,
        1.2164547239935928,
        1.6434834520114237,
        2.009494485006144,
        2.022395397996661,
        2.0063128610090644,
        2.0738044259824164,
        2.0918285449934046,
        2.0370347030120683,
        2.089055680990896,
        2.2098215460091524,
        2.1931881740192694,
        2.4805661119953584,
        3.074613157979911
      ],
      "std_times": [
        0.04913161108107732,
        0.02990378928252767,
        0.5130891493523093,
        0.5246148605988505,
        0.5390240870547333,
        0.28979725897957265,
        0.26096506336771724,
        0.20774196894799202,
        0.2622578658950866,
        0.25433348264080186,
        0.23563321159162592,
        0.2648956464209043,
        0.5823404520223022,
        0.5222884837024474,
        0.5246608463728436,
        0.35515175254888226
      ],
      "values": [
        -1.0110277054708536,
        -0.7519233075278383,
        -46.11596299074034,
        23.960128619799168,
        2.7311773601961415,
        1879.973515292598,
        1256.5915701634149,
        -1316.867734625329,
        -3723.663976286348,
        205724.28894627528,
        -222200.46413479978,
        -16709683.585318387,
        -90514851.7324473,
        -334692529.27825063,
        4291450248.8262534,
        16713711357.366615
      ],
      "expected_abs_pf": [
        1.0110277054708536,
        0.7519233075278383,
        46.11596299074035,
        23.96012861979915,
        2.7311773601961358,
        1879.9735152925962,
        1256.591570163415,
        1316.867734625346,
        3723.6639762863097,
        205724.28894627513,
        222200.46413479568,
        16709683.585318374,
        90514851.73244682,
        334692529.2782503,
        4291450248.8262424,
        16713711357.36678
      ],
      "accuracy_errors": [
        0.0,
        0.0,
        0.0,
        8.881784197001252e-16,
        1.9984014443252818e-15,
        8.881784197001252e-16,
        0.0,
        -1.3322676295501878e-14,
        1.0658141036401503e-14,
        0.0,
        1.7763568394002505e-14,
        0.0,
        3.552713678800501e-15,
        0.0,
        3.552713678800501e-15,
        -1.0658141036401503e-14
      ]
    },
    {
      "timestamp": "2026-06-21T00:08:09.854493",
      "function": "Lrux",
      "sizes": [
        2,
        4,
        6,
        8,
        10,
        12,
        14,
        16,
        18,
        20,
        22,
        24,
        26,
        28,
        30,
        32
      ],
      "avg_times": [
        1.6386080660058724,
        1.6673133140320715,
        1.8487678270003016,
        2.671491786014485,
        2.8805658539786236,
        2.91162016101498,
        2.9128073480151215,
        3.9480022010111493,
        3.1160507000040525,
        2.998575687983248,
        2.967433602010715,
        3.019045498002015,
        2.3575102000077095,
        3.136197340012586,
        3.838948678993802,
        3.5618235180008924
      ],
      "std_times": [
        0.17757507418945623,
        0.19248887862154726,
        0.294668744917953,
        0.4274750674112211,
        0.22977083957693742,
        0.2687493978864202,
        0.26111143672283094,
        0.376510615526992,
        0.5412652377605802,
        0.22304132338131308,
        0.2554457631496316,
        0.22741997987076612,
        0.9241095975576542,
        0.6966596718504574,
        0.45253206948770086,
        0.5182213497203731
      ],
      "values": [
        1.338186589502799,
        -4.725521553394779,
        66.46426752214869,
        -14.711418435530652,
        80.67625704802748,
        -854.5602159889163,
        4002.850809491678,
        9698.490686583045,
        121281.27583133447,
        222341.76704294104,
        -2716008.0266344342,
        -61905733.98288322,
        218564776.63078833,
        205431999.96827814,
        5979137415.10631,
        -89934590358.81075
      ],
      "expected_abs_pf": [
        1.338186589502799,
        4.725521553394779,
        66.46426752214869,
        14.711418435530664,
        80.67625704802741,
        854.5602159889147,
        4002.850809491685,
        9698.490686583045,
        121281.27583133426,
        222341.76704294182,
        2716008.026634439,
        61905733.98288322,
        218564776.63078833,
        205431999.9682745,
        5979137415.106288,
        89934590358.81075
      ],
      "accuracy_errors": [
        0.0,
        0.0,
        0.0,
        -8.881784197001252e-16,
        8.881784197001252e-16,
        1.7763568394002505e-15,
        -1.7763568394002505e-15,
        0.0,
        1.7763568394002505e-15,
        -3.552713678800501e-15,
        -1.7763568394002505e-15,
        0.0,
        0.0,
        1.7763568394002505e-14,
        3.552713678800501e-15,
        0.0
      ]
    }
  ]
}