{
  "runs": [
    {
      "timestamp": "2026-06-20T20:37:43.485205",
      "function": "PfCUDA",
      "sizes": [
        100,
        200,
        300,
        400,
        500,
        600,
        700,
        800,
        900,
        1000,
        1100,
        1200,
        1300,
        1400,
        1500,
        1600,
        1700,
        1800,
        1900,
        2000,
        2100,
        2200,
        2300,
        2400,
        2500,
        2600,
        2700,
        2800,
        2900,
        3000
      ],
      "avg_times": [
        9.35200910007552,
        14.899217800029874,
        21.88204419999238,
        31.43673730000955,
        37.29959940019398,
        44.67944700008957,
        57.36590399992565,
        85.99608339982296,
        90.66880339996715,
        90.58393989980686,
        107.97544069992,
        108.7611688000834,
        119.7680020000007,
        129.30565950000528,
        145.4049800001485,
        155.21833990014784,
        167.95099980008672,
        172.82956569997623,
        190.56043690006845,
        193.77355130009164,
        227.03867649997846,
        230.77808549996917,
        241.89968640012012,
        276.6383889000281,
        279.81386870005736,
        302.8113034999478,
        314.2092965000302,
        352.57979620000697,
        356.1365026999738,
        382.26792219993513
      ],
      "std_times": [
        1.7003828373083845,
        0.1383821544645189,
        0.5098171200294506,
        2.178017039841884,
        1.9910413970061023,
        1.009100836535199,
        7.041220921642292,
        8.084409588607311,
        14.18259576811529,
        7.993792679498263,
        14.93432490782507,
        5.667983351009608,
        14.600821359686442,
        15.996128683565127,
        10.550670549785231,
        16.703634253728502,
        17.9478214282158,
        14.02800520085949,
        16.791127134994664,
        14.70168087035808,
        13.868945638238532,
        10.491575699253975,
        10.449522244726122,
        11.71610196189142,
        14.616115652455981,
        12.378816133892517,
        10.034155852930121,
        14.927145003111567,
        13.848899791040914,
        18.093194556972172
      ],
      "log_abs_values": [
        104.79227564795863,
        246.88688901706013,
        401.9289844813765,
        568.3556893458723,
        737.2700223166262,
        903.7745379085974,
        1088.1095933416634,
        1274.96731255731,
        1457.1554155094602,
        1649.8829607305433,
        1839.407324950434,
        2034.3023506933027,
        2228.8329366847256,
        2427.0704640099243,
        2626.6497554868233,
        2822.8808008471647,
        3032.3370328162796,
        3232.021833213334,
        3438.67029490219,
        3644.5884856193,
        3850.881028640386,
        4061.4977399580353,
        4270.842952166202,
        4485.523515422292,
        4697.712598341179,
        4905.7518533776365,
        5123.845749802018,
        5338.169515296146,
        5555.362964963748,
        5772.972292747429
      ],
      "phases": [
        1.0,
        1.0,
        -1.0,
        -1.0,
        1.0,
        -1.0,
        1.0,
        -1.0,
        -1.0,
        1.0,
        -1.0,
        -1.0,
        1.0,
        -1.0,
        -1.0,
        1.0,
        -1.0,
        1.0,
        -1.0,
        1.0,
        1.0,
        1.0,
        1.0,
        1.0,
        1.0,
        -1.0,
        -1.0,
        1.0,
        -1.0,
        1.0
      ],
      "expected_log_abs": [
        104.79227564795862,
        246.88688901706007,
        401.9289844813771,
        568.3556893458723,
        737.2700223166264,
        903.7745379085392,
        1088.1095933416134,
        1274.9673125573108,
        1457.1554155094368,
        1649.8829607305452,
        1839.407324950446,
        2034.3023506933046,
        2228.832936684724,
        2427.070464009923,
        2626.6497554868192,
        2822.880800847167,
        3032.337032816273,
        3232.021833213321,
        3438.6702949021906,
        3644.5884856193047,
        3850.881028640372,
        4061.4977399580534,
        4270.842952166198,
        4485.5235154222855,
        4697.712598341169,
        4905.751853377623,
        5123.845749802011,
        5338.169515296155,
        5555.362964963745,
        5772.9722927474
      ],
      "accuracy_errors": [
        1.4210854715202004e-14,
        5.684341886080802e-14,
        -5.684341886080801e-13,
        0.0,
        -2.2737367544323206e-13,
        5.820766091346741e-11,
        5.002220859751105e-11,
        -9.094947017729282e-13,
        2.3419488570652902e-11,
        -1.8189894035458565e-12,
        -1.2050804798491299e-11,
        -1.8189894035458565e-12,
        1.8189894035458565e-12,
        1.3642420526593924e-12,
        4.092726157978177e-12,
        -2.2737367544323206e-12,
        6.366462912410498e-12,
        1.318767317570746e-11,
        -4.547473508864641e-13,
        -4.547473508864641e-12,
        1.4097167877480388e-11,
        -1.8189894035458565e-11,
        3.637978807091713e-12,
        6.366462912410498e-12,
        1.000444171950221e-11,
        1.3642420526593924e-11,
        7.275957614183426e-12,
        -9.094947017729282e-12,
        2.7284841053187847e-12,
        2.8194335754960775e-11
      ]
    },
    {
      "timestamp": "2026-06-20T20:37:43.485227",
      "function": "Lrux",
      "sizes": [
        100,
        200,
        300,
        400,
        500,
        600,
        700,
        800,
        900,
        1000,
        1100,
        1200,
        1300,
        1400,
        1500,
        1600,
        1700,
        1800,
        1900,
        2000,
        2100,
        2200,
        2300,
        2400,
        2500,
        2600,
        2700,
        2800,
        2900,
        3000
      ],
      "avg_times": [
        1.2177753999822016,
        1.822349100075371,
        4.167069400227774,
        2.9751971002951905,
        12.909466200108,
        6.757621799897606,
        5.226891400070599,
        6.906277099824365,
        10.926351099988096,
        16.086450099919603,
        21.837714100183803,
        27.628861700031848,
        38.51859729993521,
        50.49361999999746,
        91.96742290014299,
        117.7836101000139,
        202.92751320002935,
        265.0255268999899,
        357.3485292998157,
        405.88884740027424,
        532.026906000192,
        676.8960503000017,
        807.8261679001116,
        780.1384870999755,
        1219.9449006999203,
        1458.1067782997707,
        1860.2489065001464,
        1972.6415242001167,
        2396.573393199924,
        2521.323021199987
      ],
      "std_times": [
        0.6442185681439853,
        0.6851539362827633,
        3.4207043097424683,
        0.15492273250387267,
        11.3777455940706,
        6.857605115137251,
        0.5898391373117714,
        1.9454794328430802,
        9.364498216719541,
        22.420267908092303,
        39.201767042725365,
        56.27635941794331,
        84.21534184736974,
        116.18826301381215,
        130.48476981922283,
        127.16583821449423,
        172.33158768313675,
        190.2359268741854,
        217.8254728643275,
        210.70127236293752,
        242.93013227316783,
        275.6507427678665,
        307.8496705452785,
        254.30357013367734,
        383.09971025527994,
        325.6552627791125,
        370.12600202734944,
        298.7091847389061,
        526.9110271871925,
        431.5637150726594
      ],