{
  "runs": [
    {
      "timestamp": "2026-06-21T00:26:51.202713",
      "function": "PfCUDA",
      "sizes": [
        100,
        500,
        900,
        1300,
        1700,
        2100,
        2500,
        2900,
        3300,
        3700,
        4100,
        4500,
        4900
      ],
      "avg_times": [
        10.18157490016165,
        34.95745270020052,
        76.30708689994208,
        107.0065596000859,
        156.11314210009368,
        212.1664724000766,
        274.2087325000284,
        360.2953546998833,
        453.22190220022094,
        549.2745393000405,
        692.91886409992,
        837.1859425999901,
        997.5548700000218
      ],
      "std_times": [
        0.9211407970576738,
        1.4429808145898908,
        5.435923009313818,
        1.9241029888079055,
        7.98488537900007,
        17.45885501497437,
        12.973654277812237,
        28.658445397922645,
        18.814030149839756,
        17.942736457960354,
        18.788191520992925,
        19.340236557532112,
        22.840363903520036
      ],
      "log_abs_values": [
        105.20417560695769,
        737.7963123815877,
        1461.7767537789803,
        2228.8229086848896,
        3027.3334255738523,
        3852.907122785449,
        4692.914411131432,
        5556.703137476943,
        6425.956430604618,
        7313.873762876088,
        8209.580891691934,
        9115.56836091034,
        10027.547968989957
      ],
      "phases": [
        1.0,
        -1.0,
        1.0,
        -1.0,
        1.0,
        -1.0,
        1.0,
        -1.0,
        1.0,
        -1.0,
        1.0,
        -1.0,
        1.0
      ],
      "expected_log_abs": [
        105.20417560695772,
        737.7963123815878,
        1461.7767537789784,
        2228.8229086848833,
        3027.333425573859,
        3852.907122785459,
        4692.914411132585,
        5556.703137476931,
        6425.956430604575,
        7313.873762876161,
        8209.580891691918,
        9115.568360910369,
        10027.547968989944
      ],
      "accuracy_errors": [
        -2.842170943040401e-14,
        -1.1368683772161603e-13,
        1.8189894035458565e-12,
        6.366462912410498e-12,
        -6.821210263296962e-12,
        -1.000444171950221e-11,
        -1.153239281848073e-09,
        1.1823431123048067e-11,
        4.274625098332763e-11,
        -7.275957614183426e-11,
        1.6370904631912708e-11,
        -2.9103830456733704e-11,
        1.2732925824820995e-11
      ]
    },
    {
      "timestamp": "2026-06-21T00:26:51.202735",
      "function": "Lrux",
      "sizes": [
        100,
        500,
        900,
        1300,
        1700,
        2100,
        2500,
        2900,
        3300,
        3700,
        4100,
        4500,
        4900
      ],
      "avg_times": [
        3.1430137001734693,
        48.12744680011747,
        139.1260288999547,
        347.0575326000471,
        772.5167193999368,
        1349.6351199000856,
        2455.512407900096,
        3767.0036108002023,
        5500.165817099696,
        7941.335166199769,
        11355.326176900053,
        14253.82591889993,
        20369.895593399906
      ],
      "std_times": [
        0.31312747378722183,
        43.05908551945073,
        72.32857544693088,
        88.25483256588984,
        168.62248412737972,
        242.66556812271241,
        365.1918857214545,
        457.7141614125298,
        532.6557656174775,
        686.4751361450836,
        801.9724405793673,
        1040.617254908277,
        760.7927414972205
      ],
      "log_abs_values": [
        108.06580334174821,
        733.2620843096574,
        1461.585987026614,
        2228.3449204623953,
        3028.8740359598337,
        3853.8071585272837,
        4694.776483008851,
        5555.311192200975,
        6428.072020277307,
        7314.580893067963,
        8209.270849595772,
        9117.643698628519,
        10032.226498362596
      ],
      "phases": [
        -1.0,
        1.0,
        1.0,
        -1.0,
        1.0,
        1.0,
        1.0,
        -1.0,
        -1.0,
        -1.0,
        -1.0,
        1.0,
        1.0
      ],
      "expected_log_abs": [
        108.06580334174824,
        733.2620843096587,
        1461.585987026614,
        2228.344920462393,
        3028.8740359598287,
        3853.8071585272846,
        4694.77648300886,
        5555.311192200989,
        6428.072020277307,
        7314.580893067948,
        8209.270849595767,
        9117.643698628508,
        10032.226498362596
      ],
      "accuracy_errors": [
        -2.842170943040401e-14,
        -1.2505552149377763e-12,
        0.0,
        2.2737367544323206e-12,
        5.002220859751105e-12,
        -9.094947017729282e-13,
        -9.094947017729282e-12,
        -1.4551915228366852e-11,
        0.0,
        1.546140993013978e-11,
        5.4569682106375694e-12,
        1.0913936421275139e-11,
        0.0
      ]
    }
  ]
}